author,commit_count,lines,value,added_lines_py,deleted_lines_py,added_functions,added_classes,added_comment,added_code_lines,deleted_code_lines,var_names_style_stat,fun_names_style_stat,class_names_style_stat,dmm_score
Abdel Jaidi,46,0.0,16.720000000000002,153,98,0,0,9,153,98.0,"[0, 0, 0, 0, 0, 0, 5, 0]","[0, 0, 0, 0, 0, 0, 0, 0]","[0, 0, 0, 0, 0, 0, 0, 0]",11.166666666666668
Alex Papanicolaou,1,0.0,0.0,0,0,0,0,0,0,0.0,"[0, 0, 0, 0, 0, 0, 0, 0]","[0, 0, 0, 0, 0, 0, 0, 0]","[0, 0, 0, 0, 0, 0, 0, 0]",0.0
Alexander Romanov,1,0.0,0.2,2,0,0,0,0,2,0.0,"[0, 0, 0, 0, 0, 0, 0, 0]","[0, 0, 0, 0, 0, 0, 0, 0]","[0, 0, 0, 0, 0, 0, 0, 0]",1.0
André Perez,1,0.0,0.02,0,0,0,0,0,0,0.0,"[0, 0, 0, 0, 0, 0, 0, 0]","[0, 0, 0, 0, 0, 0, 0, 0]","[0, 0, 0, 0, 0, 0, 0, 0]",0.0
Assaf Mentzer,1,0.0,134.59,1345,3,0,0,35,1338,3.0,"[0, 0, 0, 0, 0, 0, 0, 0]","[0, 0, 0, 0, 0, 0, 0, 0]","[0, 0, 0, 0, 0, 0, 0, 0]",1.2313883299798793
Brian Schroeder,3,0.0,2.3600000000000003,23,6,0,0,0,23,6.0,"[0, 0, 0, 0, 0, 0, 0, 0]","[0, 0, 0, 0, 0, 0, 0, 0]","[0, 0, 0, 0, 0, 0, 0, 0]",2.5
Bryan,22,0.0,51.49,511,39,18,0,3,509,39.0,"[2, 0, 0, 0, 27, 0, 53, 0]","[0, 0, 0, 0, 18, 0, 0, 0]","[0, 0, 0, 0, 0, 0, 0, 0]",30.586335403726707
Bryan Yang,5,0.0,46.28,461,17,9,0,3,460,17.0,"[1, 0, 0, 1, 19, 0, 21, 0]","[0, 0, 0, 0, 9, 0, 0, 0]","[0, 0, 0, 0, 0, 0, 0, 0]",3.8215408805031448
Christian Franco,1,0.0,0.01,0,0,0,0,0,0,0.0,"[0, 0, 0, 0, 0, 0, 0, 0]","[0, 0, 0, 0, 0, 0, 0, 0]","[0, 0, 0, 0, 0, 0, 0, 0]",0.0
Constantino Schillebeeckx,2,0.0,3.1200000000000006,31,2,3,0,0,31,2.0,"[0, 0, 0, 0, 0, 0, 4, 0]","[0, 0, 0, 0, 3, 0, 0, 0]","[0, 0, 0, 0, 0, 0, 0, 0]",2.8421052631578947
Daiki Katsuragawa,1,0.0,0.0,0,0,0,0,0,0,0.0,"[0, 0, 0, 0, 0, 0, 0, 0]","[0, 0, 0, 0, 0, 0, 0, 0]","[0, 0, 0, 0, 0, 0, 0, 0]",0.0
Daniel Wood,3,0.0,34.330000000000005,342,13,4,0,4,342,13.0,"[0, 0, 0, 0, 18, 0, 20, 0]","[0, 0, 0, 0, 4, 0, 0, 0]","[0, 0, 0, 0, 0, 0, 0, 0]",2.7738095238095237
Dheeraj Inampudi,1,0.0,0.02,0,0,0,0,0,0,0.0,"[0, 0, 0, 0, 0, 0, 0, 0]","[0, 0, 0, 0, 0, 0, 0, 0]","[0, 0, 0, 0, 0, 0, 0, 0]",0.0
DonnaArt,1,0.0,0.11,1,1,0,0,0,1,1.0,"[0, 0, 0, 0, 0, 0, 0, 0]","[0, 0, 0, 0, 0, 0, 0, 0]","[0, 0, 0, 0, 0, 0, 0, 0]",0.0
Flavio Altinier,6,0.0,51.96,499,206,9,0,25,478,192.0,"[1, 0, 0, 1, 22, 0, 11, 0]","[0, 0, 0, 0, 9, 0, 0, 0]","[0, 0, 0, 0, 0, 0, 0, 0]",4.651832907075874
Flavio Altinier Maximiano da Silva,1,0.0,9.649999999999999,96,5,3,0,2,96,5.0,"[0, 0, 0, 0, 14, 0, 10, 0]","[0, 0, 0, 0, 3, 0, 0, 0]","[0, 0, 0, 0, 0, 0, 0, 0]",1.0606060606060606
Igor Tavares,358,0.0,1824.39,17160,10368,179,7,308,17103,10335.0,"[46, 0, 1, 1, 138, 0, 411, 0]","[0, 0, 0, 0, 167, 0, 12, 0]","[0, 0, 7, 0, 0, 0, 0, 0]",160.74810138683176
Israel Zalmanov,1,0.0,1.9100000000000001,19,1,1,0,0,19,1.0,"[0, 0, 0, 0, 0, 0, 8, 0]","[0, 0, 0, 0, 1, 0, 0, 0]","[0, 0, 0, 0, 0, 0, 0, 0]",1.0
JITESH SONI,2,0.0,26.510000000000005,265,0,0,0,24,241,0.0,"[0, 0, 0, 0, 0, 0, 0, 0]","[0, 0, 0, 0, 0, 0, 0, 0]","[0, 0, 0, 0, 0, 0, 0, 0]",3.8208333333333333
JPFrancoia,6,0.0,1.28,12,8,0,0,0,12,8.0,"[0, 0, 0, 0, 0, 0, 0, 0]","[0, 0, 0, 0, 0, 0, 0, 0]","[0, 0, 0, 0, 0, 0, 0, 0]",2.0
Jason Adams,2,0.0,2.62,26,2,1,0,0,26,2.0,"[1, 0, 0, 0, 2, 0, 1, 0]","[0, 0, 0, 0, 1, 0, 0, 0]","[0, 0, 0, 0, 0, 0, 0, 0]",1.2272727272727273
Jeroen Schot,3,0.0,1.3,12,9,0,0,0,12,9.0,"[0, 0, 0, 0, 0, 0, 0, 0]","[0, 0, 0, 0, 0, 0, 0, 0]","[0, 0, 0, 0, 0, 0, 0, 0]",3.0
Jitesh Soni,1,0.0,0.11,1,1,0,0,1,1,1.0,"[0, 0, 0, 0, 0, 0, 0, 0]","[0, 0, 0, 0, 0, 0, 0, 0]","[0, 0, 0, 0, 0, 0, 0, 0]",0.0
Jonatan Smith,1,0.0,0.11,1,1,0,0,0,1,1.0,"[0, 0, 0, 0, 0, 0, 0, 0]","[0, 0, 0, 0, 0, 0, 0, 0]","[0, 0, 0, 0, 0, 0, 0, 0]",0.0
Karik Isichei,1,0.0,11.75,117,5,3,0,0,117,5.0,"[0, 0, 0, 0, 8, 0, 4, 0]","[0, 0, 0, 0, 3, 0, 0, 0]","[0, 0, 0, 0, 0, 0, 0, 0]",1.0699999999999998
Kelton Karboviak,1,0.0,0.0,0,0,0,0,0,0,0.0,"[0, 0, 0, 0, 0, 0, 0, 0]","[0, 0, 0, 0, 0, 0, 0, 0]","[0, 0, 0, 0, 0, 0, 0, 0]",0.0
Luigi Franco Tedesco,2,0.0,0.0,0,0,0,0,0,0,0.0,"[0, 0, 0, 0, 0, 0, 0, 0]","[0, 0, 0, 0, 0, 0, 0, 0]","[0, 0, 0, 0, 0, 0, 0, 0]",0.0
Luigi Tedesco,22,0.0,129.08,1236,472,11,9,90,1172,287.0,"[6, 0, 0, 0, 13, 0, 57, 0]","[0, 0, 0, 0, 10, 0, 1, 0]","[0, 0, 9, 0, 0, 0, 0, 0]",27.168845646312754
Lukas Werner,1,0.0,0.11,1,1,0,0,0,1,1.0,"[0, 0, 0, 0, 0, 0, 0, 0]","[0, 0, 0, 0, 0, 0, 0, 0]","[0, 0, 0, 0, 0, 0, 0, 0]",0.0
Marcelo Santino,1,0.0,0.02,0,0,0,0,0,0,0.0,"[0, 0, 0, 0, 0, 0, 0, 0]","[0, 0, 0, 0, 0, 0, 0, 0]","[0, 0, 0, 0, 0, 0, 0, 0]",0.0
MarcosBernal,1,0.0,0.9500000000000001,9,5,0,0,0,9,5.0,"[0, 0, 0, 0, 0, 0, 0, 0]","[0, 0, 0, 0, 0, 0, 0, 0]","[0, 0, 0, 0, 0, 0, 0, 0]",1.0
Martin Suchanek,2,0.0,1.85,18,3,0,0,0,18,3.0,"[0, 0, 0, 0, 1, 0, 0, 0]","[0, 0, 0, 0, 0, 0, 0, 0]","[0, 0, 0, 0, 0, 0, 0, 0]",0.5333333333333333
Matt Boyd,1,0.0,16.720000000000002,167,2,0,0,0,167,2.0,"[0, 0, 0, 0, 8, 0, 25, 0]","[0, 0, 0, 0, 0, 0, 0, 0]","[0, 0, 0, 0, 0, 0, 0, 0]",1.4929577464788732
Matthew Ropp,1,0.0,0.01,0,0,0,0,0,0,0.0,"[0, 0, 0, 0, 0, 0, 0, 0]","[0, 0, 0, 0, 0, 0, 0, 0]","[0, 0, 0, 0, 0, 0, 0, 0]",0.0
Maximilian,30,0.0,411.52000000000004,3978,1352,45,2,50,3945,1336.0,"[23, 0, 0, 3, 156, 0, 129, 0]","[0, 0, 0, 0, 44, 0, 1, 0]","[0, 0, 2, 0, 0, 0, 0, 0]",26.913703631963777
Maximilian Speicher,2,0.0,8.770000000000001,85,27,0,0,0,85,27.0,"[0, 0, 0, 0, 0, 0, 0, 0]","[0, 0, 0, 0, 0, 0, 0, 0]","[0, 0, 0, 0, 0, 0, 0, 0]",1.1944444444444444
Moritz Körber,1,0.0,0.11,1,1,0,0,0,1,1.0,"[0, 0, 0, 0, 0, 0, 0, 0]","[0, 0, 0, 0, 0, 0, 0, 0]","[0, 0, 0, 0, 0, 0, 0, 0]",0.0
Nathan Danielsen (service titan),1,0.0,0.11,1,1,0,0,0,1,1.0,"[0, 0, 0, 0, 0, 0, 0, 0]","[0, 0, 0, 0, 0, 0, 0, 0]","[0, 0, 0, 0, 0, 0, 0, 0]",0.0
Nick Corbett,4,0.0,0.23,0,0,0,0,0,0,0.0,"[0, 0, 0, 0, 0, 0, 0, 0]","[0, 0, 0, 0, 0, 0, 0, 0]","[0, 0, 0, 0, 0, 0, 0, 0]",0.0
Pablo Aguilar,1,0.0,0.54,5,4,0,0,0,5,4.0,"[0, 0, 0, 0, 0, 0, 0, 0]","[0, 0, 0, 0, 0, 0, 0, 0]","[0, 0, 0, 0, 0, 0, 0, 0]",0.0
Patrick Muller,11,0.0,45.510000000000005,432,105,4,0,7,425,104.0,"[0, 0, 0, 0, 15, 0, 15, 0]","[0, 0, 0, 0, 3, 0, 0, 1]","[0, 0, 0, 0, 0, 0, 0, 0]",7.736194229552863
Patrick Withams,1,0.0,69.42,694,2,7,0,2,694,2.0,"[0, 0, 0, 0, 13, 0, 21, 0]","[0, 0, 0, 0, 7, 0, 0, 0]","[0, 0, 0, 0, 0, 0, 0, 0]",1.948
"Priez, Jean-Baptiste",1,0.0,1.2400000000000002,12,4,0,0,0,12,4.0,"[0, 0, 0, 0, 1, 0, 3, 0]","[0, 0, 0, 0, 0, 0, 0, 0]","[0, 0, 0, 0, 0, 0, 0, 0]",1.0
RBA (Roy Ben Alta),1,0.0,0.01,0,0,0,0,0,0,0.0,"[0, 0, 0, 0, 0, 0, 0, 0]","[0, 0, 0, 0, 0, 0, 0, 0]","[0, 0, 0, 0, 0, 0, 0, 0]",0.0
Rajagopal Parthasarathi,1,0.0,8.110000000000001,80,11,2,0,1,79,11.0,"[2, 0, 0, 0, 13, 0, 8, 0]","[0, 0, 0, 0, 2, 0, 0, 0]","[0, 0, 0, 0, 0, 0, 0, 0]",1.2941176470588236
Russell Brooks,1,0.0,0.21000000000000002,2,1,0,0,0,2,1.0,"[0, 0, 0, 0, 0, 0, 0, 0]","[0, 0, 0, 0, 0, 0, 0, 0]","[0, 0, 0, 0, 0, 0, 0, 0]",0.0
Sethu Srinivasan,1,0.0,0.03,0,0,0,0,0,0,0.0,"[0, 0, 0, 0, 0, 0, 0, 0]","[0, 0, 0, 0, 0, 0, 0, 0]","[0, 0, 0, 0, 0, 0, 0, 0]",0.0
Subhash Burramsetty,1,0.0,0.0,0,0,0,0,0,0,0.0,"[0, 0, 0, 0, 0, 0, 0, 0]","[0, 0, 0, 0, 0, 0, 0, 0]","[0, 0, 0, 0, 0, 0, 0, 0]",0.0
Terrell Vest,1,0.0,0.0,0,0,0,0,0,0,0.0,"[0, 0, 0, 0, 0, 0, 0, 0]","[0, 0, 0, 0, 0, 0, 0, 0]","[0, 0, 0, 0, 0, 0, 0, 0]",0.0
Thiago Dantas,1,0.0,0.01,0,0,0,0,0,0,0.0,"[0, 0, 0, 0, 0, 0, 0, 0]","[0, 0, 0, 0, 0, 0, 0, 0]","[0, 0, 0, 0, 0, 0, 0, 0]",0.0
Théo LEBRUN,1,0.0,0.22,2,2,0,0,0,2,2.0,"[0, 0, 0, 0, 0, 0, 0, 0]","[0, 0, 0, 0, 0, 0, 0, 0]","[0, 0, 0, 0, 0, 0, 0, 0]",0.0
Tim Becker,1,0.0,0.01,0,1,0,0,0,0,1.0,"[0, 0, 0, 0, 0, 0, 0, 0]","[0, 0, 0, 0, 0, 0, 0, 0]","[0, 0, 0, 0, 0, 0, 0, 0]",2.0
Tim Gates,1,0.0,0.22,2,2,0,0,0,2,2.0,"[0, 0, 0, 0, 0, 0, 0, 0]","[0, 0, 0, 0, 0, 0, 0, 0]","[0, 0, 0, 0, 0, 0, 0, 0]",0.0
Timo,2,0.0,10.240000000000002,95,74,0,0,0,95,74.0,"[0, 0, 0, 0, 0, 0, 0, 0]","[0, 0, 0, 0, 0, 0, 0, 0]","[0, 0, 0, 0, 0, 0, 0, 0]",0.5714285714285714
Trenton Lipscomb,1,0.0,0.01,0,0,0,0,0,0,0.0,"[0, 0, 0, 0, 0, 0, 0, 0]","[0, 0, 0, 0, 0, 0, 0, 0]","[0, 0, 0, 0, 0, 0, 0, 0]",0.0
Tulio Casagrande,6,0.0,15.25,101,515,1,0,3,101,515.0,"[0, 0, 0, 0, 0, 0, 6, 0]","[0, 0, 0, 0, 1, 0, 0, 0]","[0, 0, 0, 0, 0, 0, 0, 0]",3.5110085227272725
Tyler Jewell,3,0.0,1.6400000000000001,16,4,0,0,0,16,4.0,"[0, 0, 0, 0, 0, 0, 0, 0]","[0, 0, 0, 0, 0, 0, 0, 0]","[0, 0, 0, 0, 0, 0, 0, 0]",2.0
Victor Lin,1,0.0,0.01,0,0,0,0,0,0,0.0,"[0, 0, 0, 0, 0, 0, 0, 0]","[0, 0, 0, 0, 0, 0, 0, 0]","[0, 0, 0, 0, 0, 0, 0, 0]",0.0
Vikram Shitole,1,0.0,0.44,4,4,0,0,0,4,4.0,"[0, 0, 0, 0, 0, 0, 0, 0]","[0, 0, 0, 0, 0, 0, 0, 0]","[0, 0, 0, 0, 0, 0, 0, 0]",0.0
Webysther Nunes,1,0.0,0.01,0,0,0,0,0,0,0.0,"[0, 0, 0, 0, 0, 0, 0, 0]","[0, 0, 0, 0, 0, 0, 0, 0]","[0, 0, 0, 0, 0, 0, 0, 0]",0.0
Ying Wang,3,0.0,1.11,8,6,0,0,0,8,6.0,"[0, 0, 0, 0, 1, 0, 0, 0]","[0, 0, 0, 0, 0, 0, 0, 0]","[0, 0, 0, 0, 0, 0, 0, 0]",1.6666666666666665
Zachary Carter,1,0.0,0.01,0,0,0,0,0,0,0.0,"[0, 0, 0, 0, 0, 0, 0, 0]","[0, 0, 0, 0, 0, 0, 0, 0]","[0, 0, 0, 0, 0, 0, 0, 0]",0.0
ap76ap,1,0.0,0.34,0,0,0,0,0,0,0.0,"[0, 0, 0, 0, 0, 0, 0, 0]","[0, 0, 0, 0, 0, 0, 0, 0]","[0, 0, 0, 0, 0, 0, 0, 0]",0.0
bppont,1,0.0,0.11,1,1,0,0,0,1,1.0,"[0, 0, 0, 0, 0, 0, 0, 0]","[0, 0, 0, 0, 0, 0, 0, 0]","[0, 0, 0, 0, 0, 0, 0, 0]",0.0
brianmingus2,1,0.0,0.01,0,0,0,0,0,0,0.0,"[0, 0, 0, 0, 0, 0, 0, 0]","[0, 0, 0, 0, 0, 0, 0, 0]","[0, 0, 0, 0, 0, 0, 0, 0]",0.0
cedricyau,1,0.0,0.22,2,2,0,0,0,2,2.0,"[0, 0, 0, 0, 0, 0, 0, 0]","[0, 0, 0, 0, 0, 0, 0, 0]","[0, 0, 0, 0, 0, 0, 0, 0]",0.0
csabz09,1,0.0,0.11,1,1,0,0,0,1,1.0,"[0, 0, 0, 0, 0, 0, 0, 0]","[0, 0, 0, 0, 0, 0, 0, 0]","[0, 0, 0, 0, 0, 0, 0, 0]",0.0
dependabot[bot],3,0.0,0.0,0,0,0,0,0,0,0.0,"[0, 0, 0, 0, 0, 0, 0, 0]","[0, 0, 0, 0, 0, 0, 0, 0]","[0, 0, 0, 0, 0, 0, 0, 0]",0.0
donghan,5,0.0,6.0,57,30,0,0,0,57,30.0,"[0, 0, 0, 0, 0, 0, 0, 0]","[0, 0, 0, 0, 0, 0, 0, 0]","[0, 0, 0, 0, 0, 0, 0, 0]",2.9303030303030306
harry,2,0.0,0.03,0,3,0,0,0,0,3.0,"[0, 0, 0, 0, 0, 0, 0, 0]","[0, 0, 0, 0, 0, 0, 0, 0]","[0, 0, 0, 0, 0, 0, 0, 0]",2.0
igorborgest,479,0.0,4418.530000000001,40857,32458,421,30,1211,40318,32128.0,"[206, 0, 0, 7, 654, 0, 1903, 0]","[0, 0, 0, 0, 389, 0, 32, 0]","[0, 0, 30, 0, 0, 0, 0, 0]",362.7176885701609
jaidisido,44,0.0,325.90000000000003,3190,498,12,2,124,3148,488.0,"[2, 0, 0, 0, 48, 0, 59, 0]","[0, 0, 0, 0, 12, 0, 0, 0]","[0, 0, 2, 0, 0, 0, 0, 0]",34.61357701673223
jiajie,2,0.0,1.77,17,7,1,0,1,16,7.0,"[0, 0, 0, 0, 0, 0, 2, 0]","[0, 0, 0, 0, 1, 0, 0, 0]","[0, 0, 0, 0, 0, 0, 0, 0]",3.6
kukushking,39,0.0,221.46000000000004,2177,251,28,0,46,2159,249.0,"[9, 0, 0, 0, 64, 0, 62, 0]","[0, 0, 0, 0, 27, 0, 1, 0]","[0, 0, 0, 0, 0, 0, 0, 0]",22.825043940635354
mateusmorato,1,0.0,0.01,0,0,0,0,0,0,0.0,"[0, 0, 0, 0, 0, 0, 0, 0]","[0, 0, 0, 0, 0, 0, 0, 0]","[0, 0, 0, 0, 0, 0, 0, 0]",0.0
mikhail timonin,1,0.0,0.11,1,1,0,0,0,1,1.0,"[0, 0, 0, 0, 0, 0, 0, 0]","[0, 0, 0, 0, 0, 0, 0, 0]","[0, 0, 0, 0, 0, 0, 0, 0]",0.0
mr.Shu,1,0.0,0.31000000000000005,3,1,0,0,3,1,1.0,"[0, 0, 0, 0, 0, 0, 0, 0]","[0, 0, 0, 0, 0, 0, 0, 0]","[0, 0, 0, 0, 0, 0, 0, 0]",0.0
murgua,1,0.0,5.960000000000001,59,6,2,0,2,57,6.0,"[0, 0, 0, 0, 6, 0, 7, 0]","[0, 0, 0, 0, 2, 0, 0, 0]","[0, 0, 0, 0, 0, 0, 0, 0]",0.37777777777777777
nicholas-miles,3,0.0,1.4400000000000002,14,2,0,0,0,14,2.0,"[0, 0, 0, 0, 2, 0, 2, 0]","[0, 0, 0, 0, 0, 0, 0, 0]","[0, 0, 0, 0, 0, 0, 0, 0]",0.0
rodalarcon,1,0.0,0.31000000000000005,3,1,0,0,0,3,1.0,"[0, 0, 0, 0, 0, 0, 0, 0]","[0, 0, 0, 0, 0, 0, 0, 0]","[0, 0, 0, 0, 0, 0, 0, 0]",2.0
vlieven,1,0.0,0.21000000000000002,2,1,0,0,0,2,1.0,"[0, 0, 0, 0, 0, 0, 1, 0]","[0, 0, 0, 0, 0, 0, 0, 0]","[0, 0, 0, 0, 0, 0, 0, 0]",1.0
weishao-aws,2,0.0,2.59,25,9,1,0,0,25,9.0,"[0, 0, 0, 0, 1, 0, 4, 0]","[0, 0, 0, 0, 1, 0, 0, 0]","[0, 0, 0, 0, 0, 0, 0, 0]",2.95
Álvaro Ponce Cabrera,2,0.0,0.02,0,0,0,0,0,0,0.0,"[0, 0, 0, 0, 0, 0, 0, 0]","[0, 0, 0, 0, 0, 0, 0, 0]","[0, 0, 0, 0, 0, 0, 0, 0]",0.0
